Topic,Polarity,Review
longevity,-1,Poor Stitching and Durability
longevity,-1,Fading Colors and Wear
longevity,-1,Flimsy Zippers and Hardware
longevity,-1,Material Pilling and Fraying
longevity,-1,Unraveling Fabric Seams
longevity,-1,Fading Print and Graphics
longevity,-1,Rusted Metal Hardware
longevity,-1,Weak Shoulder Strap Anchors
longevity,-1,Punctured Fabric and Tears
longevity,-1,Peeling Leather Trim
longevity,-1,Faded and Scratched Hardware Coating
longevity,-1,Loose Threads and Unfinished Seams
longevity,-1,Misaligned Zippers and Crooked Straps
longevity,-1,Discolored Stains and Inconsistent Fabric
longevity,-1,Faint Logo and Branding
longevity,-1,Cracked and Splitting Leather
longevity,-1,Disintegrating Foam Padding
longevity,-1,Loose and Worn-out Zipper Pulls
longevity,-1,Unstable Frame and Sagging Bottom
longevity,-1,Torn and Tattered Mesh Pockets
longevity,-1,Peeling Brand Tag
longevity,-1,Snapped Zipper Teeth
longevity,-1,Delaminated Fabric Layers
longevity,-1,Cracked Plastic Buckles
longevity,1,Timeless Elegance and Durability
longevity,1,Enduring Colors and Vibrant Graphics
longevity,1,Sturdy Zippers and Reliable Hardware
longevity,1,Durable Material and Minimal Pilling
longevity,1,Robust Fabric Seams
longevity,1,Long-Lasting Print and Graphics
longevity,1,Resilient Metal Hardware
longevity,1,Reinforced Shoulder Strap Anchors
longevity,1,Resistant Fabric and Minimal Tears
longevity,1,High-Quality Leather Trim
longevity,1,Scratch-Resistant Hardware Coating
longevity,1,Precise and Secure Seams
longevity,1,Well-Aligned Zippers and Balanced Straps
longevity,1,Fade-Resistant and Consistent Fabric
longevity,1,Prominent Logo and Branding
longevity,1,Supple and Intact Leather
longevity,1,Comfortable and Resilient Foam Padding
longevity,1,Durable and Reliable Zipper Pulls
longevity,1,Sturdy Frame and Stable Structure
longevity,1,Reinforced Mesh Pockets
longevity,1,Impeccable Brand Tag
longevity,1,Sturdy Zipper Teeth
longevity,1,Bonded Fabric Layers
longevity,1,Reliable Plastic Buckles
Material and Quality,1,Timeless Elegance and Superior Craftsmanship: A Fashion Essential
Material and Quality,1,Luxurious Fabrics and Unmatched Quality: The Epitome of Style
Material and Quality,1,Exceptional Material Selection: Elevating Fashion to New Heights
Material and Quality,1,Impeccable Quality: A Fashion Must-Have for Discerning Shoppers
Material and Quality,1,Sustainable Chic: Ethical Materials and Fashionable Design
Material and Quality,1,Indulge in Excellence: A Fashion Item Built to Endure
Material and Quality,1,Premium Quality and Comfort: A Wardrobe Staple
Material and Quality,1,Craftsmanship at Its Finest: A Fashion Treasure
Material and Quality,1,A Touch of Opulence: Luxurious Material and Style
Material and Quality,1,Fashion Forward and Durable: Quality that Stands Out
Material and Quality,1,A Symphony of Textures: Material Richness Redefined
Material and Quality,1,Enduring Elegance: A Fashion Item That Withstands Time
Material and Quality,1,Elevate Your Wardrobe: Uncompromising Quality and Design
Material and Quality,1,Sophistication in Every Stitch: Material and Quality Harmony
Material and Quality,1,A Fashion Affair: Where Quality Meets Modernity
Material and Quality,1,Sensational Fabric Choices: Quality You Can Feel
Material and Quality,1,Crafted with Care: A Fashion Gem for the Ages
Material and Quality,1,Material Magic: A Fashion Item to Cherish
Material and Quality,1,"Supreme Quality, Supreme Style: A Fashion Revelation"
Material and Quality,1,Unparalleled Material Brilliance: A Fashionable Dream
Material and Quality,1,Embrace Excellence: Elevate Your Fashion with Premium Quality
Material and Quality,1,Fashionably Resilient: Material and Quality for Every Adventure
Material and Quality,1,Dressed in Luxury: A Fashion Item That Defines Opulence
Material and Quality,1,Artistry in Material: Unraveling the Fashion Delight
Material and Quality,1,A Symphony of Style: Impeccable Material and Unbeatable Quality
Material and Quality,1,Uncompromising Craftsmanship: A Fashion Item Like No Other
Material and Quality,1,Crafted with Passion: Celebrating the Pinnacle of Quality
Material and Quality,1,Material Wonder: A Fashion Revelation for the Discerning
Material and Quality,1,Fashion Mastery: Unveiling the Beauty of Quality Materials
Material and Quality,1,Timeless Appeal: A Fashion Item Crafted with Excellence
Material and Quality,1,"These review titles highlight the exceptional material and quality of the fashion item, enticing readers with its allure and lasting appeal. Always remember to provide genuine experiences and feedback in your actual reviews."
Material and Quality,-1,Shoddy Craftsmanship and Cheap Materials: A Fashion Disaster
Material and Quality,-1,Inferior Fabrics and Subpar Quality: Not Worth the Price
Material and Quality,-1,Questionable Material Choices: A Fashion Item to Avoid
Material and Quality,-1,Disappointing Durability: Falling Apart Too Soon
Material and Quality,-1,Uncomfortable Material and Poor Design: Regretful Purchase
Material and Quality,-1,Unsustainable Fashion: Materials and Quality Don't Align
Material and Quality,-1,Not Built to Last: A Fashion Item on Borrowed Time
Material and Quality,-1,Flimsy Textiles and Weak Seams: Don't Waste Your Money
Material and Quality,-1,Unreliable Quality: A Fashion Item Full of Surprises
Material and Quality,-1,Lacking in Style and Substance: A Material Letdown
Material and Quality,-1,Faded Colors and Worn-Out Fabric: Displeasing Appearance
Material and Quality,-1,Low-Grade Craftsmanship: A Fashion Misstep
Material and Quality,-1,Tacky Material Choices and Mediocre Construction
Material and Quality,-1,Cheap Hardware and Faulty Zippers: A Functional Mess
Material and Quality,-1,Misleading Claims of Quality: A Fashion Item to Beware
Material and Quality,-1,Unforgiving Material and Uncomfortable Fit: A Painful Experience
Material and Quality,-1,Not as Advertised: Material and Quality Failures
Material and Quality,-1,Unimpressive Textures and Unappealing Finish: Aesthetic Disappointment
Material and Quality,-1,Falling Apart at the Seams: A Fashion Item Doomed
Material and Quality,-1,Foul Odor and Inferior Material: An Unpleasant Surprise
Material and Quality,-1,Misguided Material Combination: A Fashion Faux Pas
Material and Quality,-1,Rough and Scratchy Fabric: Unpleasant to Wear
Material and Quality,-1,Deceiving Appearance: Material and Quality Misrepresentation
Material and Quality,-1,Unsightly Pilling and Fraying: A Fashion Item Unraveling
Material and Quality,-1,Cheap Imitation: Material and Quality Shortcomings
Material and Quality,-1,Unstable Structure and Flawed Design: A Fashion Disaster
Material and Quality,-1,Wasted Potential: Material and Quality Unexplored
Material and Quality,-1,Torn and Tattered: A Fashion Item in Ruins
Material and Quality,-1,Prone to Stains and Fading: A Material Challenge
Material and Quality,-1,Dull and Lifeless: Material and Quality Mismatch
Fit and Comfort,1,Perfect Fit and Ultimate Comfort: A Fashion Delight
Fit and Comfort,1,Effortless Elegance: A Fashion Item Tailored to Perfection
Fit and Comfort,1,Comfortable Chic: A Fashion Must-Have for All-Day Wear
Fit and Comfort,1,Flawless Fit: A Fashion Item That Hugs in All the Right Places
Fit and Comfort,1,Second Skin Comfort: A Wardrobe Staple for Every Occasion
Fit and Comfort,1,Tailored to Perfection: A Fashion Item Made Just for You
Fit and Comfort,1,A Cozy Classic: Embracing Comfort with Style
Fit and Comfort,1,Easy-Breezy Fashion: A Comfortable Companion for Summer Days
Fit and Comfort,1,Supreme Comfort: A Fashion Item That Feels Like a Dream
Fit and Comfort,1,Embrace the Perfect Fit: A Fashionable Confidence Boost
Fit and Comfort,1,Comfy and Stylish: A Fashion Item That Nails the Balance
Fit and Comfort,1,Form-Fitting Bliss: A Fashion Item You Won't Want to Take Off
Fit and Comfort,1,Effortless Allure: A Fashion Item That Fits Like Magic
Fit and Comfort,1,Comfortable Sophistication: A Fashionable Fusion of Style and Ease
Fit and Comfort,1,Step into Comfort: A Fashion Item that Pampers Your Feet
Fit and Comfort,1,Customized Comfort: A Fashion Item Tailored to Your Needs
Fit and Comfort,1,Silhouette Perfection: A Fashion Item That Flatters Every Curve
Fit and Comfort,1,A Fashionable Hug: Feeling Cozy and Confident All Day
Fit and Comfort,1,Relaxed Elegance: A Fashion Item for Effortless Style
Fit and Comfort,1,Embrace the Freedom of Movement: A Comfort-First Fashion Item
Fit and Comfort,1,A Snug and Stylish Choice: Embracing Comfort in Fashion
Fit and Comfort,1,Wrap Yourself in Comfort: A Fashion Item You'll Love to Wear
Fit and Comfort,1,Perfectly Comfy: A Fashion Item for Any Season
Fit and Comfort,1,Style without Sacrifice: A Fashion Item That Pampers You
Fit and Comfort,1,Fashion and Flexibility: A Comfortable Choice for On-the-Go
Fit and Comfort,1,Effortless Style and Comfort: A Fashion Item That Has It All
Fit and Comfort,1,Comfortable Couture: A Fashion Item Worthy of the Runway
Fit and Comfort,1,A Perfect Fit for Every Body: Celebrating Comfort in Fashion
Fit and Comfort,1,Sensational Support: A Fashion Item That Elevates Your Look
Fit and Comfort,1,Cozy Glamour: A Fashion Item That Redefines Comfort and Chic
Fit and Comfort,-1,Poor Fit and Discomfort: A Fashion Item to Avoid
Fit and Comfort,-1,Uncomfortable and Ill-Fitting: Not Worth the Hassle
Fit and Comfort,-1,A Fashion Item That Misses the Mark on Comfort
Fit and Comfort,-1,Awkward Fit and Unpleasant Experience: Disappointing Purchase
Fit and Comfort,-1,Unflattering and Uncomfortable: A Regretful Fashion Choice
Fit and Comfort,-1,Ill-Fitting Nightmare: A Fashion Item That Doesn't Deliver
Fit and Comfort,-1,The Struggle for Comfort: A Fashion Item Gone Wrong
Fit and Comfort,-1,Uncomfortable Material and Poor Fit: A Fashion Misstep
Fit and Comfort,-1,A Fashion Item That Falls Short on Comfort and Ease
Fit and Comfort,-1,Misleading Fit Claims: A Fashion Item That Disappoints
Fit and Comfort,-1,Unwearable and Unpleasant: A Fashion Item to Forget
Fit and Comfort,-1,Not as Advertised: A Fashion Item That Lacks Comfort
Fit and Comfort,-1,Uncomfortable Fabric and Restrictive Fit: A Fashion Failure
Fit and Comfort,-1,The Discomfort Dilemma: A Fashion Item You'll Want to Return
Fit and Comfort,-1,Awkward Design and Unforgiving Fit: A Fashion Nightmare
Fit and Comfort,-1,A Fashion Item That Leaves You Discontent and Uncomfortable
Fit and Comfort,-1,Uncomfortable Fashion Fiasco: An Unfortunate Choice
Fit and Comfort,-1,The Comfort Conundrum: A Fashion Item That Misses the Mark
Fit and Comfort,-1,Ill-Fitting and Unpleasant to Wear: A Fashion Regret
Fit and Comfort,-1,A Fashion Item That Sacrifices Comfort for Style
Fit and Comfort,-1,The Fit Flop: A Fashion Item That Falls Flat
Fit and Comfort,-1,Discomfort in Disguise: A Fashion Item with Hidden Flaws
Fit and Comfort,-1,Uncomfortable Straps and Constricting Fit: A Fashion Letdown
Fit and Comfort,-1,The Comfortable Illusion: A Fashion Item That Fails to Deliver
Fit and Comfort,-1,A Fashion Item That Fails to Impress on Fit and Comfort
Fit and Comfort,-1,Uncomfortable and Unstylish: A Fashion Item to Avoid
Fit and Comfort,-1,A Fashion Item That Leaves You Itching for Comfort
Fit and Comfort,-1,The Misfit Misery: A Fashion Item That Frustrates
Fit and Comfort,-1,Ill-Fitting Disaster: A Fashion Item That Displeases
Fit and Comfort,-1,Uncomfortable Fabric Choices and Poor Fit: A Fashion Mishap
Versatility,1,Effortlessly Versatile: A Fashion Item for Every Occasion
Versatility,1,From Day to Night: Embracing Versatility in Fashion
Versatility,1,A Wardrobe Chameleon: The Ultimate Versatile Fashion Piece
Versatility,1,Style Meets Function: The Versatile Fashion Item You Need
Versatility,1,Infinite Styling Options: Celebrating Versatility in Fashion
Versatility,1,A Fashionable All-Rounder: Versatility at Its Best
Versatility,1,Dress it Up or Down: The Versatile Fashion Must-Have
Versatility,1,Your Go-To Fashion Ally: Embracing Versatility with Ease
Versatility,1,A Fashion Item for Every Season: Celebrating Versatility
Versatility,1,Versatile Chic: A Fashionable Complement to Any Look
Versatility,1,Effortlessly Mix and Match: The Power of Versatility in Fashion
Versatility,1,Dress to Impress: Unlocking the Versatile Fashion Magic
Versatility,1,From Casual to Formal: The Versatile Fashion Secret
Versatility,1,"One Piece, Endless Possibilities: Celebrating Fashion Versatility"
Versatility,1,A Fashion Item for Every Mood: Embracing Versatility
Versatility,1,The Style Shapeshifter: Adaptable Versatility in Fashion
Versatility,1,Versatility Redefined: A Fashion Item for the Modern Wardrobe
Versatility,1,Dress it Your Way: Embracing Versatility in Fashion Choices
Versatility,1,A True Fashion Chameleon: Mastering Versatility
Versatility,1,Beyond One Look: Unleashing the Versatile Fashion Potential
Versatility,1,Style Beyond Boundaries: The Art of Fashion Versatility
Versatility,1,The Versatile Staple: A Must-Have in Your Fashion Arsenal
Versatility,1,Versatility at Its Finest: A Fashion Item That Delights
Versatility,1,Elevate Your Wardrobe: The Magic of Versatile Fashion
Versatility,1,Fashion Freedom: Celebrating Versatility in Style
Versatility,1,A Fashion Item for Every Mood: Embracing True Versatility
Versatility,1,Your Fashion Playground: Embracing Versatility in Trends
Versatility,1,From Casual Comfort to Chic Glamour: The Versatile Fashion Allure
Versatility,1,Endless Combinations: The Versatile Fashion Enchantment
Versatility,1,Dress it Your Way: The Limitless Versatility of Fashion
Versatility,-1,Limited Style Options: A Fashion Item with Little Versatility
Versatility,-1,One-Trick Pony: A Fashion Item That Fails to Impress with Versatility
Versatility,-1,Versatility Disappointment: A Fashion Item That Falls Short
Versatility,-1,Not as Adaptable as Expected: A Fashion Letdown
Versatility,-1,Versatility Illusion: A Fashion Item That Misses the Mark
Versatility,-1,Confined Fashion Choices: A Versatile Promise Unfulfilled
Versatility,-1,The Versatility Mirage: A Fashion Item That Deceives
Versatility,-1,Stuck in a Style Rut: A Fashion Item Lacking Versatility
Versatility,-1,Misleading Versatility Claims: A Fashion Misstep
Versatility,-1,A Fashion Item That Fails to Transition: Limited Versatility
Versatility,-1,Limited Mix and Match: A Fashion Item That Hinders Creativity
Versatility,-1,Versatility Deficiency: A Fashion Item That Disappoints
Versatility,-1,Uninspired Styling: A Versatile Fashion Item That Underwhelms
Versatility,-1,The One-Occasion Wonder: A Fashion Item with Limited Versatility
Versatility,-1,Versatility Confusion: A Fashion Item That Leaves You Stumped
Versatility,-1,A Fashion Item That Falls Flat in Versatility
Versatility,-1,The Versatility Mirage: A Fashion Item That Falls Short
Versatility,-1,Versatility Dilemma: A Fashion Item That Doesn't Adapt
Versatility,-1,Style Stagnation: A Versatile Fashion Item That Lacks Variety
Versatility,-1,Versatility Unfulfilled: A Fashion Item That Fizzles Out
Versatility,-1,Limited Fashion Freedom: A Versatile Fashion Item with Constraints
Versatility,-1,The Versatility Disappointment: A Fashion Item to Reconsider
Versatility,-1,Stifling Style Choices: A Fashion Item That Misses the Mark on Versatility
Versatility,-1,The Versatile Fail: A Fashion Item That Doesn't Deliver
Versatility,-1,Versatility False Promise: A Fashion Item That Disappoints
Versatility,-1,Limited Style Potential: A Versatile Fashion Item That Doesn't Excite
Versatility,-1,The Versatility Letdown: A Fashion Item That Doesn't Live Up to Expectations
Versatility,-1,Trapped in Repetition: A Fashion Item with Limited Versatility
Versatility,-1,The Versatility Challenge: A Fashion Item That Struggles to Adapt
Versatility,-1,The Versatile Misstep: A Fashion Item That Doesn't Quite Fit the Bill